Timestamp,Battery Voltage (V),Battery Current (mA)
2026-06-23 09:12:44,3.18,-346
2026-06-23 09:13:01,3.15,-7.8
2026-06-23 09:19:28,3.2,-41.8
2026-06-23 09:19:46,3.17,11.2
2026-06-23 09:20:03,3.18,3.8
2026-06-23 09:21:12,3.2,-37.4
2026-06-23 09:23:02,3.21,-68
2026-06-23 09:23:19,3.16,-151.8
2026-06-23 09:24:30,3.18,-0.2
2026-06-23 09:24:49,3.21,-68
2026-06-23 09:25:07,3.21,-92
2026-06-23 09:26:19,3.16,-56
2026-06-23 09:26:38,3.18,-0.4
2026-06-23 09:28:06,3.19,-0.4
2026-06-23 09:29:53,3.19,-0.6
2026-06-23 09:31:25,3.2,-0.8
2026-06-23 09:31:43,3.2,-0.4
2026-06-23 09:32:56,3.2,-0.8
2026-06-23 09:33:12,3.2,-131.2
2026-06-23 09:36:29,3.21,-165.6
2026-06-23 09:37:59,3.18,11.2
2026-06-23 09:38:18,3.2,-0.4
2026-06-23 09:41:15,3.2,90.2
2026-06-23 09:41:33,3.2,124.4
2026-06-23 09:43:03,3.2,-15
2026-06-23 09:44:33,3.22,-0.6
2026-06-23 09:44:51,3.21,-0.2
2026-06-23 09:46:04,3.21,0
2026-06-23 09:46:20,3.22,-1
2026-06-23 09:48:10,3.22,-0.4
2026-06-23 09:49:39,3.22,-0.2
2026-06-23 09:49:57,3.22,-0.6
2026-06-23 09:51:11,3.22,23
2026-06-23 09:52:56,3.23,-0.8
2026-06-23 09:53:14,3.22,10.2
2026-06-23 09:54:44,3.23,-0.6
2026-06-23 10:04:26,3.23,64.6
2026-06-23 10:04:45,3.24,0
2026-06-23 10:06:12,3.24,-0.4
2026-06-23 10:09:17,3.24,-0.6
2026-06-23 10:09:35,3.24,0
2026-06-23 10:11:35,3.24,-0.4
2026-06-23 10:11:54,3.24,-12.4
2026-06-23 10:20:48,3.24,-0.6
2026-06-23 10:21:05,3.25,-0.4
2026-06-23 10:27:46,3.24,-0.6
2026-06-23 10:28:03,3.24,-0.8
2026-06-23 10:30:27,3.24,95.8
2026-06-23 10:31:55,3.24,0.2
2026-06-23 10:32:14,3.24,-0.2
2026-06-23 10:34:02,3.24,-0.4
2026-06-23 10:35:32,3.23,91.6
2026-06-23 10:38:43,3.24,-0.2
2026-06-23 10:40:44,3.24,-0.8
2026-06-23 10:42:34,3.23,-5.8
2026-06-23 10:44:21,3.23,26.8
2026-06-23 10:45:50,3.24,-1
2026-06-23 10:47:19,3.23,29.8
2026-06-23 10:48:49,3.15,243.4
2026-06-23 10:49:09,3.06,259.6
2026-06-23 10:49:28,3.12,299
2026-06-23 11:02:41,3.04,358.2
2026-06-23 11:02:59,3.02,356.2
2026-06-23 11:04:27,2.91,406
2026-06-23 11:04:43,2.87,367.2
2026-06-23 11:06:46,2.55,503.6
2026-06-23 13:39:29,2.94,24
2026-06-23 13:44:32,2.98,-130.6
2026-06-23 14:10:03,3.13,-1
2026-06-23 14:11:30,3.13,-0.4
2026-06-23 14:11:49,3.13,-0.6
2026-06-23 14:25:14,3.13,6.2
2026-06-23 14:26:41,3.13,-19.8
2026-06-23 14:26:58,3.13,0.6
2026-06-23 14:31:58,3.12,21.8
2026-06-23 14:44:06,3.13,23.2
2026-06-23 14:56:24,3.11,78.2
2026-06-23 15:02:36,3.12,72.2
2026-06-23 15:27:45,3.16,19.6
2026-06-23 16:00:05,3.11,132
2026-06-23 16:06:41,3.09,138.2
2026-06-23 17:53:04,3.28,112.4
2026-06-23 18:15:31,3.28,111.6
2026-06-23 18:30:50,3.28,113
2026-06-23 18:46:23,3.28,109
2026-06-23 19:51:44,3.28,115
2026-06-23 20:35:34,3.29,110.6
2026-06-23 21:41:43,3.29,112.6
2026-06-23 21:51:43,3.28,115
2026-06-23 22:12:12,3.28,114.2
2026-06-23 22:22:42,3.28,111.6
2026-06-24 01:14:33,3.29,113.4
2026-06-24 01:29:22,3.29,112.2
2026-06-24 01:44:44,3.28,113.6
2026-06-24 03:11:43,3.28,112.6
2026-06-24 03:31:57,3.28,111.2
2026-06-24 04:16:42,3.28,113.6
2026-06-24 05:19:11,3.28,109.8
2026-06-24 07:35:15,3.29,93.2
2026-06-24 07:40:17,3.3,86.8
2026-06-24 07:43:22,3.3,74.4
2026-06-24 07:59:16,3.31,71.8
2026-06-24 08:03:53,3.31,69
2026-06-24 08:14:45,3.31,49.8
2026-06-24 08:16:18,3.32,39.2
2026-06-24 08:19:23,3.31,67.8
2026-06-24 08:33:19,3.32,27
2026-06-24 08:34:51,3.32,19
2026-06-24 09:22:14,3.31,53.6
2026-06-24 09:22:48,3.3,53.6
2026-06-24 09:23:59,3.29,52.8
2026-06-24 09:24:17,3.3,53.2
2026-06-24 09:25:45,3.29,48
2026-06-24 09:29:36,3.28,54
2026-06-24 09:30:45,3.29,53
2026-06-24 09:32:49,3.29,53.4
2026-06-24 09:35:46,3.29,53.6
2026-06-24 09:36:04,3.29,53
2026-06-24 09:37:30,3.29,53.8
2026-06-24 09:37:47,3.29,54.2
2026-06-24 09:38:04,3.28,53.8
2026-06-24 09:39:14,3.29,53.8
2026-06-24 09:39:32,3.29,54
2026-06-24 09:39:50,3.29,52.8
2026-06-24 09:41:03,3.29,53.8
2026-06-24 09:41:39,3.29,53.4
2026-06-24 09:43:09,3.29,54.2
2026-06-24 09:44:42,3.28,45
2026-06-24 09:45:00,3.27,53.4
2026-06-24 09:46:46,3.3,53.4
2026-06-24 09:48:32,3.29,54
2026-06-24 09:48:50,3.29,53.4
2026-06-24 09:50:38,3.29,53.4
2026-06-24 09:53:57,3.29,54
2026-06-24 09:55:07,3.29,53.8
2026-06-24 09:55:25,3.29,47.4
2026-06-24 09:57:14,3.29,34
2026-06-24 09:58:27,3.28,53.4
2026-06-24 09:58:45,3.28,53.4
2026-06-24 10:02:22,3.28,77
2026-06-24 10:03:52,3.28,76
2026-06-24 10:07:07,3.3,13
2026-06-24 10:07:26,3.3,22.6
2026-06-24 10:08:57,3.28,75.4
2026-06-24 10:09:16,3.28,76.8
2026-06-24 10:10:47,3.29,77
2026-06-24 10:12:18,3.29,29.4
2026-06-24 10:14:22,3.28,76.4
2026-06-24 10:14:39,3.28,76
2026-06-24 10:17:37,3.29,29.2
2026-06-24 10:19:22,3.3,29.2
2026-06-24 10:19:39,3.29,28.4
2026-06-24 10:21:26,3.28,77.2
2026-06-24 10:22:54,3.29,29.2
2026-06-24 10:23:12,3.27,28.8
2026-06-24 10:24:54,3.3,28.8
2026-06-24 10:26:05,3.3,28.4
2026-06-24 10:26:23,3.3,29.2
2026-06-24 10:27:50,3.29,77.4
2026-06-24 10:29:34,3.29,27.4
2026-06-24 10:29:52,3.29,28.8
2026-06-24 10:31:19,3.28,76.4
2026-06-24 10:33:04,3.29,29.2
2026-06-24 10:33:21,3.29,29.6
2026-06-24 10:35:06,3.28,29.4
2026-06-24 10:36:50,3.28,30
2026-06-24 10:38:01,3.28,29
2026-06-24 10:39:45,3.29,23.2
2026-06-24 10:40:03,3.28,23.8
2026-06-24 10:44:49,3.28,1.8
2026-06-24 10:45:08,3.28,29.2
2026-06-24 10:45:27,3.28,29
2026-06-24 10:48:23,3.29,29
2026-06-24 10:48:39,3.28,75.8
2026-06-24 10:50:06,3.27,75.4
2026-06-24 10:50:23,3.28,75.4
2026-06-24 10:52:12,3.28,24
2026-06-24 10:53:25,3.28,23
2026-06-24 10:53:42,3.28,23
2026-06-24 10:55:13,3.28,28.4
2026-06-24 10:56:59,3.28,23.4
2026-06-24 10:57:18,3.29,23.6
2026-06-24 10:58:48,3.27,-1
2026-06-24 11:00:19,3.28,55.6
2026-06-24 11:02:24,3.3,62
2026-06-24 11:06:56,3.29,-34.4
2026-06-24 11:09:00,3.29,10.2
2026-06-24 11:10:29,3.3,-93
2026-06-24 11:10:46,3.29,80
2026-06-24 11:11:59,3.28,67.8
2026-06-24 11:12:17,3.28,64.4
2026-06-24 11:13:46,3.3,-70
2026-06-24 11:15:31,3.31,81.4
2026-06-24 11:17:35,3.28,57.6
2026-06-24 11:18:47,3.28,53.6
2026-06-24 11:19:04,3.28,33.2
2026-06-24 11:19:21,3.3,-0.6
2026-06-24 11:21:07,3.27,46.6
2026-06-24 11:22:34,3.3,-0.6
2026-06-24 11:22:51,3.3,-117.8
2026-06-24 11:25:49,3.31,-189
2026-06-24 11:29:04,3.3,12.4
2026-06-24 11:29:21,3.29,13.4
2026-06-24 11:37:33,3.3,27.4
2026-06-24 11:37:50,3.31,16.8
2026-06-24 11:42:52,3.3,22.4
2026-06-24 11:44:04,3.3,114
2026-06-24 11:45:47,3.3,57.4
2026-06-24 11:46:05,3.3,54.6
2026-06-24 11:47:34,3.3,81.8
2026-06-24 11:47:53,3.27,51.8
2026-06-24 11:49:23,3.28,54.2
2026-06-24 11:49:41,3.3,91.2
2026-06-24 11:51:25,3.31,16
2026-06-24 11:51:42,3.31,90.6
2026-06-24 11:52:54,3.29,70.8
2026-06-24 11:53:10,3.29,69.6
2026-06-24 11:54:38,3.29,75
2026-06-24 11:54:55,3.23,59
2026-06-24 11:56:40,3.32,60.8
2026-06-24 11:58:14,3.3,-35
2026-06-24 11:58:32,3.32,77.2
2026-06-24 11:59:45,3.31,-0.2
2026-06-24 12:01:32,3.31,-43.6
2026-06-24 12:01:50,3.3,76.2
2026-06-24 12:03:18,3.3,62.6
2026-06-24 12:07:05,3.31,-141.8
2026-06-24 12:08:35,3.31,60.6
2026-06-24 12:08:54,3.3,27.4
2026-06-24 12:10:02,3.3,84.8
2026-06-24 12:10:39,3.29,70.4
2026-06-24 12:11:53,3.29,99.2
2026-06-24 12:12:12,3.28,97
2026-06-24 12:13:40,3.29,99.2
2026-06-24 12:15:48,3.28,75.6
2026-06-24 12:17:31,3.29,79.6
2026-06-24 12:19:19,3.29,89.6
2026-06-24 12:20:51,3.29,78.6
2026-06-24 12:21:08,3.28,85.4
2026-06-24 12:22:18,3.3,24.6
2026-06-24 12:22:35,3.28,79.8
2026-06-24 12:24:06,3.28,0
2026-06-24 12:26:06,3.29,69.4
2026-06-24 12:27:34,3.28,99
2026-06-24 12:27:51,3.28,68.6
2026-06-24 12:31:08,3.29,27.6
2026-06-24 12:33:14,3.29,21.6
2026-06-24 12:34:26,3.28,87.6
2026-06-24 12:36:33,3.3,7
2026-06-24 14:49:45,3.29,67.2
2026-06-24 15:03:27,3.3,22.6
2026-06-24 15:09:53,3.29,22.8
2026-06-24 15:36:07,3.3,37.2
2026-06-24 16:35:30,3.26,113.2
2026-06-24 17:53:18,3.25,110.8
2026-06-24 18:00:43,3.24,113.8
2026-06-24 19:51:59,3.23,116.8
2026-06-24 20:17:56,3.22,118
2026-06-24 22:44:30,3.22,113.4
2026-06-24 22:55:34,3.23,114.6
2026-06-24 23:30:05,3.22,115.8
2026-06-25 00:32:53,3.21,114.8
2026-06-25 03:53:14,3.22,114.8
2026-06-25 07:13:18,3.23,94.6
2026-06-25 07:48:37,3.22,83
2026-06-25 08:18:53,3.25,44.2
2026-06-25 08:30:30,3.34,-0.8
2026-06-25 08:32:02,3.32,-68.2
2026-06-25 08:35:06,3.33,-0.8
2026-06-25 09:04:33,3.32,-142.6
2026-06-25 09:04:50,3.32,-0.4
2026-06-25 09:06:18,3.34,28.8
2026-06-25 09:10:07,3.32,-152.2
2026-06-25 09:11:19,3.3,-0.4
2026-06-25 09:11:36,3.32,-1
2026-06-25 09:13:05,3.31,0
2026-06-25 09:13:22,3.32,-0.8
2026-06-25 09:14:48,3.31,-0.8
2026-06-25 09:15:04,3.32,-0.6
2026-06-25 09:16:28,3.35,40.8
2026-06-25 09:16:45,3.32,-131.8
2026-06-25 09:19:46,3.32,3.8
2026-06-25 09:20:04,3.3,27
2026-06-25 09:21:32,3.31,11.2
2026-06-25 09:21:50,3.33,118.8
2026-06-25 09:23:18,3.32,-112
2026-06-25 09:30:11,3.3,13.2
2026-06-25 09:30:27,3.3,28.6
2026-06-25 09:33:24,3.31,28.4
2026-06-25 09:33:41,3.31,28.8
2026-06-25 09:35:28,3.31,28
2026-06-25 09:52:27,3.33,66
2026-06-25 09:52:42,3.29,157.8
2026-06-25 09:58:32,3.3,48
2026-06-25 10:19:12,3.28,23.8
2026-06-25 10:19:31,3.27,73.6
2026-06-25 10:22:42,3.28,-17.2
2026-06-25 10:23:00,3.3,8.4
2026-06-25 10:24:27,3.28,22.4
2026-06-25 10:24:45,3.28,30.4
2026-06-25 10:25:02,3.28,16.2
2026-06-25 10:25:18,3.29,34.8
2026-06-25 10:25:35,3.28,73.4
2026-06-25 10:25:52,3.28,16
2026-06-25 10:26:10,3.28,35.8
2026-06-25 10:30:00,3.29,-12.8
2026-06-25 10:30:16,3.29,34.4
2026-06-25 10:31:45,3.29,-0.4
2026-06-25 10:32:02,3.29,35.4
2026-06-25 10:35:02,3.25,156.8
2026-06-25 10:35:19,3.25,155.8
2026-06-25 10:36:45,3.25,157.4
2026-06-25 10:38:54,3.27,32.6
2026-06-25 10:39:12,3.27,51.4
2026-06-25 10:40:40,3.27,29.8
2026-06-25 10:42:26,3.26,30.4
2026-06-25 10:46:18,3.27,29.2
2026-06-25 10:46:34,3.27,29.8
2026-06-25 10:49:56,3.27,13.8
2026-06-25 10:50:14,3.26,35
2026-06-25 10:53:29,3.27,29
2026-06-25 10:54:06,3.26,30.2
2026-06-25 10:55:33,3.26,29.4
2026-06-25 10:57:15,3.26,29.8
2026-06-25 10:59:06,3.26,29.2
2026-06-25 10:59:24,3.26,30
2026-06-25 11:02:34,3.21,31.2
2026-06-25 11:04:21,3.25,14
2026-06-25 11:04:38,3.26,29.4
2026-06-25 11:06:06,3.26,29.2
2026-06-25 11:06:23,3.26,29
2026-06-25 11:07:53,3.25,29.8
2026-06-25 11:09:38,3.25,29.2
2026-06-25 11:09:56,3.25,29.4
2026-06-25 11:12:00,3.25,29.4
2026-06-25 11:13:14,3.25,29.6
2026-06-25 11:15:13,3.25,29.6
2026-06-25 11:18:50,3.25,30
2026-06-25 11:19:08,3.25,30
2026-06-25 11:20:36,3.25,30.2
2026-06-25 11:20:55,3.25,29.8
2026-06-25 11:22:20,3.24,27
2026-06-25 11:22:39,3.24,30
2026-06-25 11:25:54,3.25,29.6
2026-06-25 11:26:11,3.24,30.2
2026-06-25 11:27:44,3.24,29.6
2026-06-25 11:28:03,3.24,29.6
2026-06-25 11:29:34,3.24,29.2
2026-06-25 11:29:52,3.25,29.6
2026-06-25 11:35:14,3.24,29.6
2026-06-25 11:36:42,3.25,29.4
2026-06-25 11:37:01,3.24,29.8
2026-06-25 11:42:55,3.24,29.4
2026-06-25 11:48:10,3.25,29.4
2026-06-25 11:49:36,3.24,29.4
2026-06-25 11:55:02,3.24,30
2026-06-25 11:56:51,3.24,29.8
2026-06-25 12:00:10,3.24,29
2026-06-25 12:01:58,3.24,12
2026-06-25 12:02:17,3.24,29.4
2026-06-25 12:04:22,3.24,29.6
2026-06-25 12:05:50,3.24,29.4
2026-06-25 12:07:38,3.24,29.8
2026-06-25 12:09:27,3.24,29.6
2026-06-25 12:09:46,3.24,18.6
2026-06-25 12:13:23,3.24,29.2
2026-06-25 12:13:41,3.24,29.6
2026-06-25 12:15:13,3.24,29.8
2026-06-25 12:16:41,3.22,29.6
2026-06-25 12:18:42,3.21,29.8
2026-06-25 12:20:13,3.23,30
2026-06-25 12:21:58,3.24,30
2026-06-25 12:23:31,3.23,30
2026-06-25 12:23:49,3.24,29.6
2026-06-25 12:27:22,3.23,30.4
2026-06-25 12:27:40,3.23,30.2
2026-06-25 12:29:27,3.23,0.6
2026-06-25 12:30:53,3.23,30
2026-06-25 12:32:41,3.23,30.4
2026-06-25 12:34:46,3.23,29.8
2026-06-25 12:36:17,3.21,29.6
2026-06-25 12:39:53,3.23,29.8
2026-06-25 12:41:38,3.23,29.8
2026-06-25 12:41:57,3.23,30.4
2026-06-25 12:43:23,3.23,32.2
2026-06-25 12:43:41,3.23,30
2026-06-25 12:46:54,3.23,30
2026-06-25 12:47:12,3.22,29.8
2026-06-25 12:48:42,3.23,29.4
2026-06-25 12:48:59,3.22,29.4
2026-06-25 12:50:48,3.22,30.2
2026-06-25 12:52:22,3.23,22.8
2026-06-25 12:52:40,3.22,29.4
2026-06-25 12:54:10,3.22,30
2026-06-25 12:55:54,3.21,57.4
2026-06-25 12:57:55,3.22,29.8
2026-06-25 12:59:43,3.22,47
2026-06-25 13:00:02,3.21,35.2
2026-06-25 13:00:18,3.22,45
2026-06-25 13:00:53,3.2,29.2
2026-06-25 13:01:10,3.22,30
2026-06-25 13:03:35,3.22,29.2
2026-06-25 13:05:02,3.22,29.6
2026-06-25 13:06:53,3.22,29.6
2026-06-25 13:08:59,3.22,33.6
2026-06-25 13:10:44,3.21,29.8
2026-06-25 13:12:14,3.22,29.8
2026-06-25 13:12:32,3.22,29.6
2026-06-25 13:12:49,3.21,29.2
2026-06-25 13:14:53,3.22,29.6
2026-06-25 13:15:09,3.22,30.4
2026-06-25 13:16:58,3.22,29.8
2026-06-25 13:18:28,3.21,29.4
2026-06-25 13:20:14,3.21,29.6
2026-06-25 13:20:32,3.21,29.8
2026-06-25 13:22:03,3.21,30
2026-06-25 13:22:21,3.21,29.8
2026-06-25 13:23:51,3.21,30
2026-06-25 13:24:10,3.21,30.4
2026-06-25 13:25:41,3.21,25.8
2026-06-25 13:49:40,3.2,29.4
2026-06-25 13:49:58,3.2,29.8
2026-06-25 13:52:20,3.2,29.8
2026-06-25 13:55:59,3.2,30.2
2026-06-25 13:56:16,3.19,30
2026-06-25 13:57:44,3.19,-3.6
2026-06-25 13:58:02,3.2,30
2026-06-25 13:59:31,3.2,-12.8
2026-06-25 13:59:50,3.2,30.2
2026-06-25 14:03:43,3.19,28.2
2026-06-25 14:04:55,3.19,27.4
2026-06-25 14:05:13,3.18,28.2
2026-06-25 14:06:57,3.19,27.8
2026-06-25 14:08:30,3.2,14.4
2026-06-25 14:10:17,3.16,135.8
2026-06-25 14:12:24,3.2,-0.8
2026-06-25 14:12:41,3.2,-52.4
2026-06-25 14:15:41,3.19,28.2
2026-06-25 14:15:58,3.2,28.2
2026-06-25 14:17:45,3.19,28.2
2026-06-25 14:19:12,3.18,28.6
2026-06-25 14:19:31,3.17,28.2
2026-06-25 14:21:35,3.19,28.8
2026-06-25 14:27:15,3.19,28.4
2026-06-25 14:27:33,3.18,21.2
2026-06-25 14:29:03,3.18,28.8
2026-06-25 14:31:09,3.19,28.2
2026-06-25 14:34:26,3.19,28.8
2026-06-25 14:38:38,3.18,28
2026-06-25 14:42:08,3.19,29.2
2026-06-25 14:43:38,3.18,28.6
2026-06-25 14:43:55,3.18,29.2
2026-06-25 14:45:39,3.18,77.8
2026-06-25 14:45:57,3.18,55
2026-06-25 14:47:45,3.18,39.2
2026-06-25 14:49:16,3.18,46.6
2026-06-25 14:49:35,3.18,33.2
2026-06-25 14:52:48,3.17,80.6
2026-06-25 14:53:04,3.17,44.4
2026-06-25 14:54:50,3.16,81
2026-06-25 14:55:07,3.16,75
2026-06-25 14:56:52,3.14,74.8
2026-06-25 15:07:52,3.17,61.4
2026-06-25 15:08:12,3.16,76
2026-06-25 15:09:43,3.17,55.4
2026-06-25 15:11:43,3.18,75
2026-06-25 15:12:00,3.17,20
2026-06-25 15:13:46,3.19,-42.6
2026-06-25 15:15:29,3.18,30
2026-06-25 15:21:08,3.18,48.4
2026-06-25 15:22:38,3.16,55.8
2026-06-25 15:22:56,3.17,76.8
2026-06-25 15:25:18,3.13,100.8
2026-06-25 15:25:23,3.13,117
2026-06-25 15:31:56,3.14,109.4
2026-06-25 15:32:13,3.13,125.4
2026-06-25 15:46:40,3.12,153.2
2026-06-25 15:59:45,3.11,149.4
2026-06-25 17:07:30,3.09,121
